timestamp,symbol,reason_codes,hour
2026-02-02 12:51:00-05:00,IWM,SYMBOL_BLOCKED,12
2026-02-02 12:54:00-05:00,IWM,SYMBOL_BLOCKED,12
2026-02-02 12:57:00-05:00,IWM,SYMBOL_BLOCKED,12
2026-02-02 13:00:00-05:00,IWM,SYMBOL_BLOCKED,13
2026-02-02 13:03:00-05:00,IWM,SYMBOL_BLOCKED,13
2026-02-02 13:06:00-05:00,IWM,SYMBOL_BLOCKED,13
2026-02-02 13:09:00-05:00,IWM,SYMBOL_BLOCKED,13
2026-02-02 13:12:00-05:00,IWM,SYMBOL_BLOCKED,13
2026-02-02 13:15:00-05:00,IWM,SYMBOL_BLOCKED,13
2026-02-02 13:18:00-05:00,IWM,SYMBOL_BLOCKED,13
2026-02-02 13:21:00-05:00,IWM,SYMBOL_BLOCKED,13
2026-02-02 13:24:00-05:00,IWM,SYMBOL_BLOCKED,13
2026-02-02 13:27:00-05:00,IWM,SYMBOL_BLOCKED,13
2026-02-02 13:30:00-05:00,IWM,SYMBOL_BLOCKED,13
2026-02-02 13:33:00-05:00,IWM,SYMBOL_BLOCKED,13
2026-02-02 13:36:00-05:00,IWM,SYMBOL_BLOCKED,13
2026-02-02 13:39:00-05:00,IWM,SYMBOL_BLOCKED,13
2026-02-02 13:42:00-05:00,IWM,SYMBOL_BLOCKED,13
2026-02-02 13:45:00-05:00,IWM,SYMBOL_BLOCKED,13
2026-02-02 13:48:00-05:00,IWM,SYMBOL_BLOCKED,13
2026-02-02 13:51:00-05:00,IWM,SYMBOL_BLOCKED,13
2026-02-02 13:54:00-05:00,IWM,SYMBOL_BLOCKED,13
2026-02-02 13:57:00-05:00,IWM,SYMBOL_BLOCKED,13
2026-02-02 14:00:00-05:00,IWM,SYMBOL_BLOCKED,14
2026-02-02 14:03:00-05:00,IWM,SYMBOL_BLOCKED,14
2026-02-02 14:06:00-05:00,IWM,SYMBOL_BLOCKED,14
2026-02-02 14:09:00-05:00,IWM,SYMBOL_BLOCKED,14
2026-02-02 14:12:00-05:00,IWM,SYMBOL_BLOCKED,14
2026-02-02 14:15:00-05:00,IWM,SYMBOL_BLOCKED,14
2026-02-02 14:18:00-05:00,IWM,SYMBOL_BLOCKED,14
2026-02-02 14:21:00-05:00,IWM,SYMBOL_BLOCKED,14
2026-02-02 14:24:00-05:00,IWM,SYMBOL_BLOCKED,14
2026-02-02 14:27:00-05:00,IWM,SYMBOL_BLOCKED,14
2026-02-02 14:30:00-05:00,IWM,SYMBOL_BLOCKED,14
2026-02-02 14:33:00-05:00,IWM,SYMBOL_BLOCKED,14
2026-02-02 14:36:00-05:00,IWM,SYMBOL_BLOCKED,14
2026-02-02 14:39:00-05:00,IWM,SYMBOL_BLOCKED,14
2026-02-02 14:42:00-05:00,IWM,SYMBOL_BLOCKED,14
2026-02-02 14:45:00-05:00,IWM,SYMBOL_BLOCKED,14
2026-02-02 14:48:00-05:00,IWM,SYMBOL_BLOCKED,14
2026-02-02 14:51:00-05:00,IWM,SYMBOL_BLOCKED,14
2026-02-02 14:54:00-05:00,IWM,SYMBOL_BLOCKED,14
2026-02-02 14:57:00-05:00,IWM,SYMBOL_BLOCKED,14
2026-02-02 15:00:00-05:00,IWM,SYMBOL_BLOCKED,15
2026-02-02 15:03:00-05:00,IWM,SYMBOL_BLOCKED,15
2026-02-02 15:06:00-05:00,IWM,SYMBOL_BLOCKED,15
2026-02-02 15:09:00-05:00,IWM,SYMBOL_BLOCKED,15
2026-02-02 15:12:00-05:00,IWM,SYMBOL_BLOCKED,15
2026-02-02 15:15:00-05:00,IWM,SYMBOL_BLOCKED,15
2026-02-02 15:18:00-05:00,IWM,SYMBOL_BLOCKED,15
2026-02-02 15:21:00-05:00,IWM,SYMBOL_BLOCKED,15
2026-02-02 15:24:00-05:00,IWM,SYMBOL_BLOCKED,15
2026-02-02 15:27:00-05:00,IWM,SYMBOL_BLOCKED,15
2026-02-02 15:30:00-05:00,IWM,SYMBOL_BLOCKED,15
2026-02-02 15:33:00-05:00,IWM,SYMBOL_BLOCKED,15
2026-02-02 15:36:00-05:00,IWM,SYMBOL_BLOCKED,15
2026-02-02 15:39:00-05:00,IWM,SYMBOL_BLOCKED,15
2026-02-02 15:42:00-05:00,IWM,SYMBOL_BLOCKED,15
2026-02-02 15:45:00-05:00,IWM,SYMBOL_BLOCKED,15
2026-02-02 15:48:00-05:00,IWM,SYMBOL_BLOCKED,15
2026-02-02 15:51:00-05:00,IWM,SYMBOL_BLOCKED,15
2026-02-02 15:54:00-05:00,IWM,SYMBOL_BLOCKED,15
2026-02-02 15:57:00-05:00,IWM,SYMBOL_BLOCKED,15
2026-02-02 16:00:00-05:00,IWM,SYMBOL_BLOCKED,16
2026-02-03 09:30:00-05:00,IWM,SYMBOL_BLOCKED,9
2026-02-03 09:33:00-05:00,IWM,SYMBOL_BLOCKED,9
2026-02-03 09:36:00-05:00,IWM,SYMBOL_BLOCKED,9
2026-02-03 09:39:00-05:00,IWM,SYMBOL_BLOCKED,9
2026-02-03 09:42:00-05:00,IWM,SYMBOL_BLOCKED,9
2026-02-03 09:45:00-05:00,IWM,SYMBOL_BLOCKED,9
2026-02-03 09:48:00-05:00,IWM,SYMBOL_BLOCKED,9
2026-02-03 09:51:00-05:00,IWM,SYMBOL_BLOCKED,9
2026-02-03 09:54:00-05:00,IWM,SYMBOL_BLOCKED,9
2026-02-03 09:57:00-05:00,IWM,SYMBOL_BLOCKED,9
2026-02-03 10:00:00-05:00,IWM,SYMBOL_BLOCKED,10
2026-02-03 10:03:00-05:00,IWM,SYMBOL_BLOCKED,10
2026-02-03 10:06:00-05:00,IWM,SYMBOL_BLOCKED,10
2026-02-03 10:09:00-05:00,IWM,SYMBOL_BLOCKED,10
2026-02-03 10:12:00-05:00,IWM,SYMBOL_BLOCKED,10
2026-02-03 10:15:00-05:00,IWM,SYMBOL_BLOCKED,10
2026-02-03 10:18:00-05:00,IWM,SYMBOL_BLOCKED,10
2026-02-03 10:21:00-05:00,IWM,SYMBOL_BLOCKED,10
2026-02-03 10:24:00-05:00,IWM,SYMBOL_BLOCKED,10
2026-02-03 10:27:00-05:00,IWM,SYMBOL_BLOCKED,10
2026-02-03 10:30:00-05:00,IWM,SYMBOL_BLOCKED,10
2026-02-03 10:33:00-05:00,IWM,SYMBOL_BLOCKED,10
2026-02-03 10:36:00-05:00,IWM,SYMBOL_BLOCKED,10
2026-02-03 10:39:00-05:00,IWM,SYMBOL_BLOCKED,10
2026-02-03 10:42:00-05:00,IWM,SYMBOL_BLOCKED,10
2026-02-03 10:45:00-05:00,IWM,SYMBOL_BLOCKED,10
2026-02-03 10:48:00-05:00,IWM,SYMBOL_BLOCKED,10
2026-02-03 10:51:00-05:00,IWM,SYMBOL_BLOCKED,10
2026-02-03 10:54:00-05:00,IWM,SYMBOL_BLOCKED,10
2026-02-03 10:57:00-05:00,IWM,SYMBOL_BLOCKED,10
2026-02-03 11:00:00-05:00,IWM,SYMBOL_BLOCKED,11
2026-02-03 11:03:00-05:00,IWM,SYMBOL_BLOCKED,11
2026-02-03 11:06:00-05:00,IWM,SYMBOL_BLOCKED,11
2026-02-03 11:09:00-05:00,IWM,SYMBOL_BLOCKED,11
2026-02-03 11:12:00-05:00,IWM,SYMBOL_BLOCKED,11
2026-02-03 11:15:00-05:00,IWM,SYMBOL_BLOCKED,11
2026-02-03 11:18:00-05:00,IWM,SYMBOL_BLOCKED,11
2026-02-03 11:21:00-05:00,IWM,SYMBOL_BLOCKED,11
2026-02-03 11:24:00-05:00,IWM,SYMBOL_BLOCKED,11
2026-02-03 11:27:00-05:00,IWM,SYMBOL_BLOCKED,11
2026-02-03 11:30:00-05:00,IWM,SYMBOL_BLOCKED,11
2026-02-03 11:33:00-05:00,IWM,SYMBOL_BLOCKED,11
2026-02-03 11:36:00-05:00,IWM,SYMBOL_BLOCKED,11
2026-02-03 11:39:00-05:00,IWM,SYMBOL_BLOCKED,11
2026-02-03 11:42:00-05:00,IWM,SYMBOL_BLOCKED,11
2026-02-03 11:45:00-05:00,IWM,SYMBOL_BLOCKED,11
2026-02-03 11:48:00-05:00,IWM,SYMBOL_BLOCKED,11
2026-02-03 11:51:00-05:00,IWM,SYMBOL_BLOCKED,11
2026-02-03 11:54:00-05:00,IWM,SYMBOL_BLOCKED,11
2026-02-03 11:57:00-05:00,IWM,SYMBOL_BLOCKED,11
2026-02-03 12:00:00-05:00,IWM,SYMBOL_BLOCKED,12
2026-02-03 12:03:00-05:00,IWM,SYMBOL_BLOCKED,12
2026-02-03 12:06:00-05:00,IWM,SYMBOL_BLOCKED,12
2026-02-03 12:09:00-05:00,IWM,SYMBOL_BLOCKED,12
2026-02-03 12:12:00-05:00,IWM,SYMBOL_BLOCKED,12
2026-02-03 12:15:00-05:00,IWM,SYMBOL_BLOCKED,12
2026-02-03 12:18:00-05:00,IWM,SYMBOL_BLOCKED,12
2026-02-03 12:21:00-05:00,IWM,SYMBOL_BLOCKED,12
2026-02-03 12:24:00-05:00,IWM,SYMBOL_BLOCKED,12
2026-02-03 12:27:00-05:00,IWM,SYMBOL_BLOCKED,12
2026-02-03 12:30:00-05:00,IWM,SYMBOL_BLOCKED,12
2026-02-03 12:33:00-05:00,IWM,SYMBOL_BLOCKED,12
2026-02-03 12:36:00-05:00,IWM,SYMBOL_BLOCKED,12
2026-02-03 12:39:00-05:00,IWM,SYMBOL_BLOCKED,12
2026-02-03 12:42:00-05:00,IWM,SYMBOL_BLOCKED,12
2026-02-03 12:45:00-05:00,IWM,SYMBOL_BLOCKED,12
2026-02-03 12:48:00-05:00,IWM,SYMBOL_BLOCKED,12
2026-02-03 12:51:00-05:00,IWM,SYMBOL_BLOCKED,12
2026-02-03 12:54:00-05:00,IWM,SYMBOL_BLOCKED,12
2026-02-03 12:57:00-05:00,IWM,SYMBOL_BLOCKED,12
2026-02-03 13:00:00-05:00,IWM,SYMBOL_BLOCKED,13
2026-02-03 13:03:00-05:00,IWM,SYMBOL_BLOCKED,13
2026-02-03 13:06:00-05:00,IWM,SYMBOL_BLOCKED,13
2026-02-03 13:09:00-05:00,IWM,SYMBOL_BLOCKED,13
2026-02-03 13:12:00-05:00,IWM,SYMBOL_BLOCKED,13
2026-02-03 13:15:00-05:00,IWM,SYMBOL_BLOCKED,13
2026-02-03 13:18:00-05:00,IWM,SYMBOL_BLOCKED,13
2026-02-03 13:21:00-05:00,IWM,SYMBOL_BLOCKED,13
2026-02-03 13:24:00-05:00,IWM,SYMBOL_BLOCKED,13
2026-02-03 13:27:00-05:00,IWM,SYMBOL_BLOCKED,13
2026-02-03 13:30:00-05:00,IWM,SYMBOL_BLOCKED,13
2026-02-03 13:33:00-05:00,IWM,SYMBOL_BLOCKED,13
2026-02-03 13:36:00-05:00,IWM,SYMBOL_BLOCKED,13
2026-02-03 13:39:00-05:00,IWM,SYMBOL_BLOCKED,13
2026-02-03 13:42:00-05:00,IWM,SYMBOL_BLOCKED,13
2026-02-03 13:45:00-05:00,IWM,SYMBOL_BLOCKED,13
2026-02-03 13:48:00-05:00,IWM,SYMBOL_BLOCKED,13
2026-02-03 13:51:00-05:00,IWM,SYMBOL_BLOCKED,13
2026-02-03 13:54:00-05:00,IWM,SYMBOL_BLOCKED,13
2026-02-03 13:57:00-05:00,IWM,SYMBOL_BLOCKED,13
2026-02-03 14:00:00-05:00,IWM,SYMBOL_BLOCKED,14
2026-02-03 14:03:00-05:00,IWM,SYMBOL_BLOCKED,14
2026-02-03 14:06:00-05:00,IWM,SYMBOL_BLOCKED,14
2026-02-03 14:09:00-05:00,IWM,SYMBOL_BLOCKED,14
2026-02-03 14:12:00-05:00,IWM,SYMBOL_BLOCKED,14
2026-02-03 14:15:00-05:00,IWM,SYMBOL_BLOCKED,14
2026-02-03 14:18:00-05:00,IWM,SYMBOL_BLOCKED,14
2026-02-03 14:21:00-05:00,IWM,SYMBOL_BLOCKED,14
2026-02-03 14:24:00-05:00,IWM,SYMBOL_BLOCKED,14
2026-02-03 14:27:00-05:00,IWM,SYMBOL_BLOCKED,14
2026-02-03 14:30:00-05:00,IWM,SYMBOL_BLOCKED,14
2026-02-03 14:33:00-05:00,IWM,SYMBOL_BLOCKED,14
2026-02-03 14:36:00-05:00,IWM,SYMBOL_BLOCKED,14
2026-02-03 14:39:00-05:00,IWM,SYMBOL_BLOCKED,14
2026-02-03 14:42:00-05:00,IWM,SYMBOL_BLOCKED,14
2026-02-03 14:45:00-05:00,IWM,SYMBOL_BLOCKED,14
2026-02-03 14:48:00-05:00,IWM,SYMBOL_BLOCKED,14
2026-02-03 14:51:00-05:00,IWM,SYMBOL_BLOCKED,14
2026-02-03 14:54:00-05:00,IWM,SYMBOL_BLOCKED,14
2026-02-03 14:57:00-05:00,IWM,SYMBOL_BLOCKED,14
2026-02-03 15:00:00-05:00,IWM,SYMBOL_BLOCKED,15
2026-02-03 15:03:00-05:00,IWM,SYMBOL_BLOCKED,15
2026-02-03 15:06:00-05:00,IWM,SYMBOL_BLOCKED,15
2026-02-03 15:09:00-05:00,IWM,SYMBOL_BLOCKED,15
2026-02-03 15:12:00-05:00,IWM,SYMBOL_BLOCKED,15
2026-02-03 15:15:00-05:00,IWM,SYMBOL_BLOCKED,15
2026-02-03 15:18:00-05:00,IWM,SYMBOL_BLOCKED,15
2026-02-03 15:21:00-05:00,IWM,SYMBOL_BLOCKED,15
2026-02-03 15:24:00-05:00,IWM,SYMBOL_BLOCKED,15
2026-02-03 15:27:00-05:00,IWM,SYMBOL_BLOCKED,15
2026-02-03 15:30:00-05:00,IWM,SYMBOL_BLOCKED,15
2026-02-03 15:33:00-05:00,IWM,SYMBOL_BLOCKED,15
2026-02-03 15:36:00-05:00,IWM,SYMBOL_BLOCKED,15
2026-02-03 15:39:00-05:00,IWM,SYMBOL_BLOCKED,15
2026-02-03 15:42:00-05:00,IWM,SYMBOL_BLOCKED,15
2026-02-03 15:45:00-05:00,IWM,SYMBOL_BLOCKED,15
2026-02-03 15:48:00-05:00,IWM,SYMBOL_BLOCKED,15
2026-02-03 15:51:00-05:00,IWM,SYMBOL_BLOCKED,15
2026-02-03 15:54:00-05:00,IWM,SYMBOL_BLOCKED,15
2026-02-03 15:57:00-05:00,IWM,SYMBOL_BLOCKED,15
2026-02-03 16:00:00-05:00,IWM,SYMBOL_BLOCKED,16
2026-02-04 09:30:00-05:00,IWM,SYMBOL_BLOCKED,9
2026-02-04 09:33:00-05:00,IWM,SYMBOL_BLOCKED,9
2026-02-04 09:36:00-05:00,IWM,SYMBOL_BLOCKED,9
2026-02-04 09:39:00-05:00,IWM,SYMBOL_BLOCKED,9
2026-02-04 09:42:00-05:00,IWM,SYMBOL_BLOCKED,9
2026-02-04 09:45:00-05:00,IWM,SYMBOL_BLOCKED,9
2026-02-04 09:48:00-05:00,IWM,SYMBOL_BLOCKED,9
2026-02-04 09:51:00-05:00,IWM,SYMBOL_BLOCKED,9
2026-02-04 09:54:00-05:00,IWM,SYMBOL_BLOCKED,9
2026-02-04 09:57:00-05:00,IWM,SYMBOL_BLOCKED,9
2026-02-04 10:00:00-05:00,IWM,SYMBOL_BLOCKED,10
2026-02-04 10:03:00-05:00,IWM,SYMBOL_BLOCKED,10
2026-02-04 10:06:00-05:00,IWM,SYMBOL_BLOCKED,10
2026-02-04 10:09:00-05:00,IWM,SYMBOL_BLOCKED,10
2026-02-04 10:12:00-05:00,IWM,SYMBOL_BLOCKED,10
2026-02-04 10:15:00-05:00,IWM,SYMBOL_BLOCKED,10
2026-02-04 10:18:00-05:00,IWM,SYMBOL_BLOCKED,10
2026-02-04 10:21:00-05:00,IWM,SYMBOL_BLOCKED,10
2026-02-04 10:24:00-05:00,IWM,SYMBOL_BLOCKED,10
2026-02-04 10:27:00-05:00,IWM,SYMBOL_BLOCKED,10
2026-02-04 10:30:00-05:00,IWM,SYMBOL_BLOCKED,10
2026-02-04 10:33:00-05:00,IWM,SYMBOL_BLOCKED,10
2026-02-04 10:36:00-05:00,IWM,SYMBOL_BLOCKED,10
2026-02-04 10:39:00-05:00,IWM,SYMBOL_BLOCKED,10
2026-02-04 10:42:00-05:00,IWM,SYMBOL_BLOCKED,10
2026-02-04 10:45:00-05:00,IWM,SYMBOL_BLOCKED,10
2026-02-04 10:48:00-05:00,IWM,SYMBOL_BLOCKED,10
2026-02-04 10:51:00-05:00,IWM,SYMBOL_BLOCKED,10
2026-02-04 10:54:00-05:00,IWM,SYMBOL_BLOCKED,10
2026-02-04 10:57:00-05:00,IWM,SYMBOL_BLOCKED,10
2026-02-04 11:00:00-05:00,IWM,SYMBOL_BLOCKED,11
2026-02-04 11:03:00-05:00,IWM,SYMBOL_BLOCKED,11
2026-02-04 11:06:00-05:00,IWM,SYMBOL_BLOCKED,11
2026-02-04 11:09:00-05:00,IWM,SYMBOL_BLOCKED,11
2026-02-04 11:12:00-05:00,IWM,SYMBOL_BLOCKED,11
2026-02-04 11:15:00-05:00,IWM,SYMBOL_BLOCKED,11
2026-02-04 11:18:00-05:00,IWM,SYMBOL_BLOCKED,11
2026-02-04 11:21:00-05:00,IWM,SYMBOL_BLOCKED,11
2026-02-04 11:24:00-05:00,IWM,SYMBOL_BLOCKED,11
2026-02-04 11:27:00-05:00,IWM,SYMBOL_BLOCKED,11
2026-02-04 11:30:00-05:00,IWM,SYMBOL_BLOCKED,11
2026-02-04 11:33:00-05:00,IWM,SYMBOL_BLOCKED,11
2026-02-04 11:36:00-05:00,IWM,SYMBOL_BLOCKED,11
2026-02-04 11:39:00-05:00,IWM,SYMBOL_BLOCKED,11
2026-02-04 11:42:00-05:00,IWM,SYMBOL_BLOCKED,11
2026-02-04 11:45:00-05:00,IWM,SYMBOL_BLOCKED,11
2026-02-04 11:48:00-05:00,IWM,SYMBOL_BLOCKED,11
2026-02-04 11:51:00-05:00,IWM,SYMBOL_BLOCKED,11
2026-02-04 11:54:00-05:00,IWM,SYMBOL_BLOCKED,11
2026-02-04 11:57:00-05:00,IWM,SYMBOL_BLOCKED,11
2026-02-04 12:00:00-05:00,IWM,SYMBOL_BLOCKED,12
2026-02-04 12:03:00-05:00,IWM,SYMBOL_BLOCKED,12
2026-02-04 12:06:00-05:00,IWM,SYMBOL_BLOCKED,12
2026-02-04 12:09:00-05:00,IWM,SYMBOL_BLOCKED,12
2026-02-04 12:12:00-05:00,IWM,SYMBOL_BLOCKED,12
2026-02-04 12:15:00-05:00,IWM,SYMBOL_BLOCKED,12
2026-02-04 12:18:00-05:00,IWM,SYMBOL_BLOCKED,12
2026-02-04 12:21:00-05:00,IWM,SYMBOL_BLOCKED,12
2026-02-04 12:24:00-05:00,IWM,SYMBOL_BLOCKED,12
2026-02-04 12:27:00-05:00,IWM,SYMBOL_BLOCKED,12
2026-02-04 12:30:00-05:00,IWM,SYMBOL_BLOCKED,12
2026-02-04 12:33:00-05:00,IWM,SYMBOL_BLOCKED,12
2026-02-04 12:36:00-05:00,IWM,SYMBOL_BLOCKED,12
2026-02-04 12:39:00-05:00,IWM,SYMBOL_BLOCKED,12
2026-02-04 12:42:00-05:00,IWM,SYMBOL_BLOCKED,12
2026-02-04 12:45:00-05:00,IWM,SYMBOL_BLOCKED,12
2026-02-04 12:48:00-05:00,IWM,SYMBOL_BLOCKED,12
2026-02-04 12:51:00-05:00,IWM,SYMBOL_BLOCKED,12
2026-02-04 12:54:00-05:00,IWM,SYMBOL_BLOCKED,12
2026-02-04 12:57:00-05:00,IWM,SYMBOL_BLOCKED,12
2026-02-04 13:00:00-05:00,IWM,SYMBOL_BLOCKED,13
2026-02-04 13:03:00-05:00,IWM,SYMBOL_BLOCKED,13
2026-02-04 13:06:00-05:00,IWM,SYMBOL_BLOCKED,13
2026-02-04 13:09:00-05:00,IWM,SYMBOL_BLOCKED,13
2026-02-04 13:12:00-05:00,IWM,SYMBOL_BLOCKED,13
2026-02-04 13:15:00-05:00,IWM,SYMBOL_BLOCKED,13
2026-02-04 13:18:00-05:00,IWM,SYMBOL_BLOCKED,13
2026-02-04 13:21:00-05:00,IWM,SYMBOL_BLOCKED,13
2026-02-04 13:24:00-05:00,IWM,SYMBOL_BLOCKED,13
2026-02-04 13:27:00-05:00,IWM,SYMBOL_BLOCKED,13
2026-02-04 13:30:00-05:00,IWM,SYMBOL_BLOCKED,13
2026-02-04 13:33:00-05:00,IWM,SYMBOL_BLOCKED,13
2026-02-04 13:36:00-05:00,IWM,SYMBOL_BLOCKED,13
2026-02-04 13:39:00-05:00,IWM,SYMBOL_BLOCKED,13
2026-02-04 13:42:00-05:00,IWM,SYMBOL_BLOCKED,13
2026-02-04 13:45:00-05:00,IWM,SYMBOL_BLOCKED,13
2026-02-04 13:48:00-05:00,IWM,SYMBOL_BLOCKED,13
2026-02-04 13:51:00-05:00,IWM,SYMBOL_BLOCKED,13
2026-02-04 13:54:00-05:00,IWM,SYMBOL_BLOCKED,13
2026-02-04 13:57:00-05:00,IWM,SYMBOL_BLOCKED,13
2026-02-04 14:00:00-05:00,IWM,SYMBOL_BLOCKED,14
2026-02-04 14:03:00-05:00,IWM,SYMBOL_BLOCKED,14
2026-02-04 14:06:00-05:00,IWM,SYMBOL_BLOCKED,14
2026-02-04 14:09:00-05:00,IWM,SYMBOL_BLOCKED,14
2026-02-04 14:12:00-05:00,IWM,SYMBOL_BLOCKED,14
2026-02-04 14:15:00-05:00,IWM,SYMBOL_BLOCKED,14
2026-02-04 14:18:00-05:00,IWM,SYMBOL_BLOCKED,14
2026-02-04 14:21:00-05:00,IWM,SYMBOL_BLOCKED,14
2026-02-04 14:24:00-05:00,IWM,SYMBOL_BLOCKED,14
2026-02-04 14:27:00-05:00,IWM,SYMBOL_BLOCKED,14
2026-02-04 14:30:00-05:00,IWM,SYMBOL_BLOCKED,14
2026-02-04 14:33:00-05:00,IWM,SYMBOL_BLOCKED,14
2026-02-04 14:36:00-05:00,IWM,SYMBOL_BLOCKED,14
2026-02-04 14:39:00-05:00,IWM,SYMBOL_BLOCKED,14
2026-02-04 14:42:00-05:00,IWM,SYMBOL_BLOCKED,14
2026-02-04 14:45:00-05:00,IWM,SYMBOL_BLOCKED,14
2026-02-04 14:48:00-05:00,IWM,SYMBOL_BLOCKED,14
2026-02-04 14:51:00-05:00,IWM,SYMBOL_BLOCKED,14
2026-02-04 14:54:00-05:00,IWM,SYMBOL_BLOCKED,14
2026-02-04 14:57:00-05:00,IWM,SYMBOL_BLOCKED,14
2026-02-04 15:00:00-05:00,IWM,SYMBOL_BLOCKED,15
2026-02-04 15:03:00-05:00,IWM,SYMBOL_BLOCKED,15
2026-02-04 15:06:00-05:00,IWM,SYMBOL_BLOCKED,15
2026-02-04 15:09:00-05:00,IWM,SYMBOL_BLOCKED,15
2026-02-04 15:12:00-05:00,IWM,SYMBOL_BLOCKED,15
2026-02-04 15:15:00-05:00,IWM,SYMBOL_BLOCKED,15
2026-02-04 15:18:00-05:00,IWM,SYMBOL_BLOCKED,15
2026-02-04 15:21:00-05:00,IWM,SYMBOL_BLOCKED,15
2026-02-04 15:24:00-05:00,IWM,SYMBOL_BLOCKED,15
2026-02-04 15:27:00-05:00,IWM,SYMBOL_BLOCKED,15
2026-02-04 15:30:00-05:00,IWM,SYMBOL_BLOCKED,15
2026-02-04 15:33:00-05:00,IWM,SYMBOL_BLOCKED,15
2026-02-04 15:36:00-05:00,IWM,SYMBOL_BLOCKED,15
2026-02-04 15:39:00-05:00,IWM,SYMBOL_BLOCKED,15
2026-02-04 15:42:00-05:00,IWM,SYMBOL_BLOCKED,15
2026-02-04 15:45:00-05:00,IWM,SYMBOL_BLOCKED,15
2026-02-04 15:48:00-05:00,IWM,SYMBOL_BLOCKED,15
2026-02-04 15:51:00-05:00,IWM,SYMBOL_BLOCKED,15
2026-02-04 15:54:00-05:00,IWM,SYMBOL_BLOCKED,15
2026-02-04 15:57:00-05:00,IWM,SYMBOL_BLOCKED,15
2026-02-04 16:00:00-05:00,IWM,SYMBOL_BLOCKED,16
2026-02-05 09:30:00-05:00,IWM,SYMBOL_BLOCKED,9
2026-02-05 09:33:00-05:00,IWM,SYMBOL_BLOCKED,9
2026-02-05 09:36:00-05:00,IWM,SYMBOL_BLOCKED,9
2026-02-05 09:39:00-05:00,IWM,SYMBOL_BLOCKED,9
2026-02-05 09:42:00-05:00,IWM,SYMBOL_BLOCKED,9
2026-02-05 09:45:00-05:00,IWM,SYMBOL_BLOCKED,9
2026-02-05 09:48:00-05:00,IWM,SYMBOL_BLOCKED,9
2026-02-05 09:51:00-05:00,IWM,SYMBOL_BLOCKED,9
2026-02-05 09:54:00-05:00,IWM,SYMBOL_BLOCKED,9
2026-02-05 09:57:00-05:00,IWM,SYMBOL_BLOCKED,9
2026-02-05 10:00:00-05:00,IWM,SYMBOL_BLOCKED,10
2026-02-05 10:03:00-05:00,IWM,SYMBOL_BLOCKED,10
2026-02-05 10:06:00-05:00,IWM,SYMBOL_BLOCKED,10
2026-02-05 10:09:00-05:00,IWM,SYMBOL_BLOCKED,10
2026-02-05 10:12:00-05:00,IWM,SYMBOL_BLOCKED,10
2026-02-05 10:15:00-05:00,IWM,SYMBOL_BLOCKED,10
2026-02-05 10:18:00-05:00,IWM,SYMBOL_BLOCKED,10
2026-02-05 10:21:00-05:00,IWM,SYMBOL_BLOCKED,10
2026-02-05 10:24:00-05:00,IWM,SYMBOL_BLOCKED,10
2026-02-05 10:27:00-05:00,IWM,SYMBOL_BLOCKED,10
2026-02-05 10:30:00-05:00,IWM,SYMBOL_BLOCKED,10
2026-02-05 10:33:00-05:00,IWM,SYMBOL_BLOCKED,10
2026-02-05 10:36:00-05:00,IWM,SYMBOL_BLOCKED,10
2026-02-05 10:39:00-05:00,IWM,SYMBOL_BLOCKED,10
2026-02-05 10:42:00-05:00,IWM,SYMBOL_BLOCKED,10
2026-02-05 10:45:00-05:00,IWM,SYMBOL_BLOCKED,10
2026-02-05 10:48:00-05:00,IWM,SYMBOL_BLOCKED,10
2026-02-05 10:51:00-05:00,IWM,SYMBOL_BLOCKED,10
2026-02-05 10:54:00-05:00,IWM,SYMBOL_BLOCKED,10
2026-02-05 10:57:00-05:00,IWM,SYMBOL_BLOCKED,10
2026-02-05 11:00:00-05:00,IWM,SYMBOL_BLOCKED,11
2026-02-05 11:03:00-05:00,IWM,SYMBOL_BLOCKED,11
2026-02-05 11:06:00-05:00,IWM,SYMBOL_BLOCKED,11
2026-02-05 11:09:00-05:00,IWM,SYMBOL_BLOCKED,11
2026-02-05 11:12:00-05:00,IWM,SYMBOL_BLOCKED,11
2026-02-05 11:15:00-05:00,IWM,SYMBOL_BLOCKED,11
2026-02-05 11:18:00-05:00,IWM,SYMBOL_BLOCKED,11
2026-02-05 11:21:00-05:00,IWM,SYMBOL_BLOCKED,11
2026-02-05 11:24:00-05:00,IWM,SYMBOL_BLOCKED,11
2026-02-05 11:27:00-05:00,IWM,SYMBOL_BLOCKED,11
2026-02-05 11:30:00-05:00,IWM,SYMBOL_BLOCKED,11
2026-02-05 11:33:00-05:00,IWM,SYMBOL_BLOCKED,11
2026-02-05 11:36:00-05:00,IWM,SYMBOL_BLOCKED,11
2026-02-05 11:39:00-05:00,IWM,SYMBOL_BLOCKED,11
2026-02-05 11:42:00-05:00,IWM,SYMBOL_BLOCKED,11
2026-02-05 11:45:00-05:00,IWM,SYMBOL_BLOCKED,11
2026-02-05 11:48:00-05:00,IWM,SYMBOL_BLOCKED,11
2026-02-05 11:51:00-05:00,IWM,SYMBOL_BLOCKED,11
2026-02-05 11:54:00-05:00,IWM,SYMBOL_BLOCKED,11
2026-02-05 11:57:00-05:00,IWM,SYMBOL_BLOCKED,11
2026-02-05 12:00:00-05:00,IWM,SYMBOL_BLOCKED,12
2026-02-05 12:03:00-05:00,IWM,SYMBOL_BLOCKED,12
2026-02-05 12:06:00-05:00,IWM,SYMBOL_BLOCKED,12
2026-02-05 12:09:00-05:00,IWM,SYMBOL_BLOCKED,12
2026-02-05 12:12:00-05:00,IWM,SYMBOL_BLOCKED,12
2026-02-05 12:15:00-05:00,IWM,SYMBOL_BLOCKED,12
2026-02-05 12:18:00-05:00,IWM,SYMBOL_BLOCKED,12
2026-02-05 12:21:00-05:00,IWM,SYMBOL_BLOCKED,12
2026-02-05 12:24:00-05:00,IWM,SYMBOL_BLOCKED,12
2026-02-05 12:27:00-05:00,IWM,SYMBOL_BLOCKED,12
2026-02-05 12:30:00-05:00,IWM,SYMBOL_BLOCKED,12
2026-02-05 12:33:00-05:00,IWM,SYMBOL_BLOCKED,12
2026-02-05 12:36:00-05:00,IWM,SYMBOL_BLOCKED,12
2026-02-05 12:39:00-05:00,IWM,SYMBOL_BLOCKED,12
2026-02-05 12:42:00-05:00,IWM,SYMBOL_BLOCKED,12
2026-02-05 12:45:00-05:00,IWM,SYMBOL_BLOCKED,12
2026-02-05 12:48:00-05:00,IWM,SYMBOL_BLOCKED,12
2026-02-05 12:51:00-05:00,IWM,SYMBOL_BLOCKED,12
2026-02-05 12:54:00-05:00,IWM,SYMBOL_BLOCKED,12
2026-02-05 12:57:00-05:00,IWM,SYMBOL_BLOCKED,12
2026-02-05 13:00:00-05:00,IWM,SYMBOL_BLOCKED,13
2026-02-05 13:03:00-05:00,IWM,SYMBOL_BLOCKED,13
2026-02-05 13:06:00-05:00,IWM,SYMBOL_BLOCKED,13
2026-02-05 13:09:00-05:00,IWM,SYMBOL_BLOCKED,13
2026-02-05 13:12:00-05:00,IWM,SYMBOL_BLOCKED,13
2026-02-05 13:15:00-05:00,IWM,SYMBOL_BLOCKED,13
2026-02-05 13:18:00-05:00,IWM,SYMBOL_BLOCKED,13
2026-02-05 13:21:00-05:00,IWM,SYMBOL_BLOCKED,13
2026-02-05 13:24:00-05:00,IWM,SYMBOL_BLOCKED,13
2026-02-05 13:27:00-05:00,IWM,SYMBOL_BLOCKED,13
2026-02-05 13:30:00-05:00,IWM,SYMBOL_BLOCKED,13
2026-02-05 13:33:00-05:00,IWM,SYMBOL_BLOCKED,13
2026-02-05 13:36:00-05:00,IWM,SYMBOL_BLOCKED,13
2026-02-05 13:39:00-05:00,IWM,SYMBOL_BLOCKED,13
2026-02-05 13:42:00-05:00,IWM,SYMBOL_BLOCKED,13
2026-02-05 13:45:00-05:00,IWM,SYMBOL_BLOCKED,13
2026-02-05 13:48:00-05:00,IWM,SYMBOL_BLOCKED,13
2026-02-05 13:51:00-05:00,IWM,SYMBOL_BLOCKED,13
2026-02-05 13:54:00-05:00,IWM,SYMBOL_BLOCKED,13
2026-02-05 13:57:00-05:00,IWM,SYMBOL_BLOCKED,13
2026-02-05 14:00:00-05:00,IWM,SYMBOL_BLOCKED,14
2026-02-05 14:03:00-05:00,IWM,SYMBOL_BLOCKED,14
2026-02-05 14:06:00-05:00,IWM,SYMBOL_BLOCKED,14
2026-02-05 14:09:00-05:00,IWM,SYMBOL_BLOCKED,14
2026-02-05 14:12:00-05:00,IWM,SYMBOL_BLOCKED,14
2026-02-05 14:15:00-05:00,IWM,SYMBOL_BLOCKED,14
2026-02-05 14:18:00-05:00,IWM,SYMBOL_BLOCKED,14
2026-02-05 14:21:00-05:00,IWM,SYMBOL_BLOCKED,14
2026-02-05 14:24:00-05:00,IWM,SYMBOL_BLOCKED,14
2026-02-05 14:27:00-05:00,IWM,SYMBOL_BLOCKED,14
2026-02-05 14:30:00-05:00,IWM,SYMBOL_BLOCKED,14
2026-02-05 14:33:00-05:00,IWM,SYMBOL_BLOCKED,14
2026-02-05 14:36:00-05:00,IWM,SYMBOL_BLOCKED,14
2026-02-05 14:39:00-05:00,IWM,SYMBOL_BLOCKED,14
2026-02-05 14:42:00-05:00,IWM,SYMBOL_BLOCKED,14
2026-02-05 14:45:00-05:00,IWM,SYMBOL_BLOCKED,14
2026-02-05 14:48:00-05:00,IWM,SYMBOL_BLOCKED,14
2026-02-05 14:51:00-05:00,IWM,SYMBOL_BLOCKED,14
2026-02-05 14:54:00-05:00,IWM,SYMBOL_BLOCKED,14
2026-02-05 14:57:00-05:00,IWM,SYMBOL_BLOCKED,14
2026-02-05 15:00:00-05:00,IWM,SYMBOL_BLOCKED,15
2026-02-05 15:03:00-05:00,IWM,SYMBOL_BLOCKED,15
2026-02-05 15:06:00-05:00,IWM,SYMBOL_BLOCKED,15
2026-02-05 15:09:00-05:00,IWM,SYMBOL_BLOCKED,15
2026-02-05 15:12:00-05:00,IWM,SYMBOL_BLOCKED,15
2026-02-05 15:15:00-05:00,IWM,SYMBOL_BLOCKED,15
2026-02-05 15:18:00-05:00,IWM,SYMBOL_BLOCKED,15
2026-02-05 15:21:00-05:00,IWM,SYMBOL_BLOCKED,15
2026-02-05 15:24:00-05:00,IWM,SYMBOL_BLOCKED,15
2026-02-05 15:27:00-05:00,IWM,SYMBOL_BLOCKED,15
2026-02-05 15:30:00-05:00,IWM,SYMBOL_BLOCKED,15
2026-02-05 15:33:00-05:00,IWM,SYMBOL_BLOCKED,15
2026-02-05 15:36:00-05:00,IWM,SYMBOL_BLOCKED,15
2026-02-05 15:39:00-05:00,IWM,SYMBOL_BLOCKED,15
2026-02-05 15:42:00-05:00,IWM,SYMBOL_BLOCKED,15
2026-02-05 15:45:00-05:00,IWM,SYMBOL_BLOCKED,15
2026-02-05 15:48:00-05:00,IWM,SYMBOL_BLOCKED,15
2026-02-05 15:51:00-05:00,IWM,SYMBOL_BLOCKED,15
2026-02-05 15:54:00-05:00,IWM,SYMBOL_BLOCKED,15
2026-02-05 15:57:00-05:00,IWM,SYMBOL_BLOCKED,15
2026-02-05 16:00:00-05:00,IWM,SYMBOL_BLOCKED,16
2026-02-06 09:30:00-05:00,IWM,SYMBOL_BLOCKED,9
2026-02-06 09:33:00-05:00,IWM,SYMBOL_BLOCKED,9
2026-02-06 09:36:00-05:00,IWM,SYMBOL_BLOCKED,9
2026-02-06 09:39:00-05:00,IWM,SYMBOL_BLOCKED,9
2026-02-06 09:42:00-05:00,IWM,SYMBOL_BLOCKED,9
2026-02-06 09:45:00-05:00,IWM,SYMBOL_BLOCKED,9
2026-02-06 09:48:00-05:00,IWM,SYMBOL_BLOCKED,9
2026-02-06 09:51:00-05:00,IWM,SYMBOL_BLOCKED,9
2026-02-06 09:54:00-05:00,IWM,SYMBOL_BLOCKED,9
2026-02-06 09:57:00-05:00,IWM,SYMBOL_BLOCKED,9
2026-02-06 10:00:00-05:00,IWM,SYMBOL_BLOCKED,10
2026-02-06 10:03:00-05:00,IWM,SYMBOL_BLOCKED,10
2026-02-06 10:06:00-05:00,IWM,SYMBOL_BLOCKED,10
2026-02-06 10:09:00-05:00,IWM,SYMBOL_BLOCKED,10
2026-02-06 10:12:00-05:00,IWM,SYMBOL_BLOCKED,10
2026-02-06 10:15:00-05:00,IWM,SYMBOL_BLOCKED,10
2026-02-06 10:18:00-05:00,IWM,SYMBOL_BLOCKED,10
2026-02-06 10:21:00-05:00,IWM,SYMBOL_BLOCKED,10
2026-02-06 10:24:00-05:00,IWM,SYMBOL_BLOCKED,10
2026-02-06 10:27:00-05:00,IWM,SYMBOL_BLOCKED,10
2026-02-06 10:30:00-05:00,IWM,SYMBOL_BLOCKED,10
2026-02-06 10:33:00-05:00,IWM,SYMBOL_BLOCKED,10
2026-02-06 10:36:00-05:00,IWM,SYMBOL_BLOCKED,10
2026-02-06 10:39:00-05:00,IWM,SYMBOL_BLOCKED,10
2026-02-06 10:42:00-05:00,IWM,SYMBOL_BLOCKED,10
2026-02-06 10:45:00-05:00,IWM,SYMBOL_BLOCKED,10
2026-02-06 10:48:00-05:00,IWM,SYMBOL_BLOCKED,10
2026-02-06 10:51:00-05:00,IWM,SYMBOL_BLOCKED,10
2026-02-06 10:54:00-05:00,IWM,SYMBOL_BLOCKED,10
2026-02-06 10:57:00-05:00,IWM,SYMBOL_BLOCKED,10
2026-02-06 11:00:00-05:00,IWM,SYMBOL_BLOCKED,11
2026-02-06 11:03:00-05:00,IWM,SYMBOL_BLOCKED,11
2026-02-06 11:06:00-05:00,IWM,SYMBOL_BLOCKED,11
2026-02-06 11:09:00-05:00,IWM,SYMBOL_BLOCKED,11
2026-02-06 11:12:00-05:00,IWM,SYMBOL_BLOCKED,11
2026-02-06 11:15:00-05:00,IWM,SYMBOL_BLOCKED,11
2026-02-06 11:18:00-05:00,IWM,SYMBOL_BLOCKED,11
2026-02-06 11:21:00-05:00,IWM,SYMBOL_BLOCKED,11
2026-02-06 11:24:00-05:00,IWM,SYMBOL_BLOCKED,11
2026-02-06 11:27:00-05:00,IWM,SYMBOL_BLOCKED,11
2026-02-06 11:30:00-05:00,IWM,SYMBOL_BLOCKED,11
2026-02-06 11:33:00-05:00,IWM,SYMBOL_BLOCKED,11
2026-02-06 11:36:00-05:00,IWM,SYMBOL_BLOCKED,11
2026-02-06 11:39:00-05:00,IWM,SYMBOL_BLOCKED,11
2026-02-06 11:42:00-05:00,IWM,SYMBOL_BLOCKED,11
2026-02-06 11:45:00-05:00,IWM,SYMBOL_BLOCKED,11
2026-02-06 11:48:00-05:00,IWM,SYMBOL_BLOCKED,11
2026-02-06 11:51:00-05:00,IWM,SYMBOL_BLOCKED,11
2026-02-06 11:54:00-05:00,IWM,SYMBOL_BLOCKED,11
2026-02-06 11:57:00-05:00,IWM,SYMBOL_BLOCKED,11
2026-02-06 12:00:00-05:00,IWM,SYMBOL_BLOCKED,12
2026-02-06 12:03:00-05:00,IWM,SYMBOL_BLOCKED,12
2026-02-06 12:06:00-05:00,IWM,SYMBOL_BLOCKED,12
2026-02-06 12:09:00-05:00,IWM,SYMBOL_BLOCKED,12
2026-02-06 12:12:00-05:00,IWM,SYMBOL_BLOCKED,12
2026-02-06 12:15:00-05:00,IWM,SYMBOL_BLOCKED,12
2026-02-06 12:18:00-05:00,IWM,SYMBOL_BLOCKED,12
2026-02-06 12:21:00-05:00,IWM,SYMBOL_BLOCKED,12
2026-02-06 12:24:00-05:00,IWM,SYMBOL_BLOCKED,12
2026-02-06 12:27:00-05:00,IWM,SYMBOL_BLOCKED,12
2026-02-06 12:30:00-05:00,IWM,SYMBOL_BLOCKED,12
2026-02-06 12:33:00-05:00,IWM,SYMBOL_BLOCKED,12
2026-02-06 12:36:00-05:00,IWM,SYMBOL_BLOCKED,12
2026-02-06 12:39:00-05:00,IWM,SYMBOL_BLOCKED,12
2026-02-06 12:42:00-05:00,IWM,SYMBOL_BLOCKED,12
2026-02-06 12:45:00-05:00,IWM,SYMBOL_BLOCKED,12
2026-02-06 12:48:00-05:00,IWM,SYMBOL_BLOCKED,12
2026-02-06 12:51:00-05:00,IWM,SYMBOL_BLOCKED,12
2026-02-06 12:54:00-05:00,IWM,SYMBOL_BLOCKED,12
2026-02-06 12:57:00-05:00,IWM,SYMBOL_BLOCKED,12
2026-02-06 13:00:00-05:00,IWM,SYMBOL_BLOCKED,13
2026-02-06 13:03:00-05:00,IWM,SYMBOL_BLOCKED,13
2026-02-06 13:06:00-05:00,IWM,SYMBOL_BLOCKED,13
2026-02-06 13:09:00-05:00,IWM,SYMBOL_BLOCKED,13
2026-02-06 13:12:00-05:00,IWM,SYMBOL_BLOCKED,13
2026-02-06 13:15:00-05:00,IWM,SYMBOL_BLOCKED,13
2026-02-06 13:18:00-05:00,IWM,SYMBOL_BLOCKED,13
2026-02-06 13:21:00-05:00,IWM,SYMBOL_BLOCKED,13
2026-02-06 13:24:00-05:00,IWM,SYMBOL_BLOCKED,13
2026-02-06 13:27:00-05:00,IWM,SYMBOL_BLOCKED,13
2026-02-06 13:30:00-05:00,IWM,SYMBOL_BLOCKED,13
2026-02-06 13:33:00-05:00,IWM,SYMBOL_BLOCKED,13
2026-02-06 13:36:00-05:00,IWM,SYMBOL_BLOCKED,13
2026-02-06 13:39:00-05:00,IWM,SYMBOL_BLOCKED,13
2026-02-06 13:42:00-05:00,IWM,SYMBOL_BLOCKED,13
2026-02-06 13:45:00-05:00,IWM,SYMBOL_BLOCKED,13
2026-02-06 13:48:00-05:00,IWM,SYMBOL_BLOCKED,13
2026-02-06 13:51:00-05:00,IWM,SYMBOL_BLOCKED,13
2026-02-06 13:54:00-05:00,IWM,SYMBOL_BLOCKED,13
2026-02-06 13:57:00-05:00,IWM,SYMBOL_BLOCKED,13
2026-02-06 14:00:00-05:00,IWM,SYMBOL_BLOCKED,14
2026-02-06 14:03:00-05:00,IWM,SYMBOL_BLOCKED,14
2026-02-06 14:06:00-05:00,IWM,SYMBOL_BLOCKED,14
2026-02-06 14:09:00-05:00,IWM,SYMBOL_BLOCKED,14
2026-02-06 14:12:00-05:00,IWM,SYMBOL_BLOCKED,14
2026-02-06 14:15:00-05:00,IWM,SYMBOL_BLOCKED,14
2026-02-06 14:18:00-05:00,IWM,SYMBOL_BLOCKED,14
2026-02-06 14:21:00-05:00,IWM,SYMBOL_BLOCKED,14
2026-02-06 14:24:00-05:00,IWM,SYMBOL_BLOCKED,14
2026-02-06 14:27:00-05:00,IWM,SYMBOL_BLOCKED,14
2026-02-06 14:30:00-05:00,IWM,SYMBOL_BLOCKED,14
2026-02-06 14:33:00-05:00,IWM,SYMBOL_BLOCKED,14
2026-02-06 14:36:00-05:00,IWM,SYMBOL_BLOCKED,14
2026-02-06 14:39:00-05:00,IWM,SYMBOL_BLOCKED,14
2026-02-06 14:42:00-05:00,IWM,SYMBOL_BLOCKED,14
2026-02-06 14:45:00-05:00,IWM,SYMBOL_BLOCKED,14
2026-02-06 14:48:00-05:00,IWM,SYMBOL_BLOCKED,14
2026-02-06 14:51:00-05:00,IWM,SYMBOL_BLOCKED,14
2026-02-06 14:54:00-05:00,IWM,SYMBOL_BLOCKED,14
2026-02-06 14:57:00-05:00,IWM,SYMBOL_BLOCKED,14
2026-02-06 15:00:00-05:00,IWM,SYMBOL_BLOCKED,15
2026-02-06 15:03:00-05:00,IWM,SYMBOL_BLOCKED,15
2026-02-06 15:06:00-05:00,IWM,SYMBOL_BLOCKED,15
2026-02-06 15:09:00-05:00,IWM,SYMBOL_BLOCKED,15
2026-02-06 15:12:00-05:00,IWM,SYMBOL_BLOCKED,15
2026-02-06 15:15:00-05:00,IWM,SYMBOL_BLOCKED,15
2026-02-06 15:18:00-05:00,IWM,SYMBOL_BLOCKED,15
2026-02-06 15:21:00-05:00,IWM,SYMBOL_BLOCKED,15
2026-02-06 15:24:00-05:00,IWM,SYMBOL_BLOCKED,15
2026-02-06 15:27:00-05:00,IWM,SYMBOL_BLOCKED,15
2026-02-06 15:30:00-05:00,IWM,SYMBOL_BLOCKED,15
2026-02-06 15:33:00-05:00,IWM,SYMBOL_BLOCKED,15
2026-02-06 15:36:00-05:00,IWM,SYMBOL_BLOCKED,15
2026-02-06 15:39:00-05:00,IWM,SYMBOL_BLOCKED,15
2026-02-06 15:42:00-05:00,IWM,SYMBOL_BLOCKED,15
2026-02-06 15:45:00-05:00,IWM,SYMBOL_BLOCKED,15
2026-02-06 15:48:00-05:00,IWM,SYMBOL_BLOCKED,15
2026-02-06 15:51:00-05:00,IWM,SYMBOL_BLOCKED,15
2026-02-06 15:54:00-05:00,IWM,SYMBOL_BLOCKED,15
2026-02-06 15:57:00-05:00,IWM,SYMBOL_BLOCKED,15
2026-02-06 16:00:00-05:00,IWM,SYMBOL_BLOCKED,16
2026-02-09 09:30:00-05:00,IWM,SYMBOL_BLOCKED,9
2026-02-09 09:33:00-05:00,IWM,SYMBOL_BLOCKED,9
2026-02-09 09:36:00-05:00,IWM,SYMBOL_BLOCKED,9
2026-02-09 09:39:00-05:00,IWM,SYMBOL_BLOCKED,9
2026-02-09 09:42:00-05:00,IWM,SYMBOL_BLOCKED,9
2026-02-09 09:45:00-05:00,IWM,SYMBOL_BLOCKED,9
2026-02-09 09:48:00-05:00,IWM,SYMBOL_BLOCKED,9
2026-02-09 09:51:00-05:00,IWM,SYMBOL_BLOCKED,9
2026-02-09 09:54:00-05:00,IWM,SYMBOL_BLOCKED,9
2026-02-09 09:57:00-05:00,IWM,SYMBOL_BLOCKED,9
2026-02-09 10:00:00-05:00,IWM,SYMBOL_BLOCKED,10
2026-02-09 10:03:00-05:00,IWM,SYMBOL_BLOCKED,10
2026-02-09 10:06:00-05:00,IWM,SYMBOL_BLOCKED,10
2026-02-09 10:09:00-05:00,IWM,SYMBOL_BLOCKED,10
2026-02-09 10:12:00-05:00,IWM,SYMBOL_BLOCKED,10
2026-02-09 10:15:00-05:00,IWM,SYMBOL_BLOCKED,10
2026-02-09 10:18:00-05:00,IWM,SYMBOL_BLOCKED,10
2026-02-09 10:21:00-05:00,IWM,SYMBOL_BLOCKED,10
2026-02-09 10:24:00-05:00,IWM,SYMBOL_BLOCKED,10
2026-02-09 10:27:00-05:00,IWM,SYMBOL_BLOCKED,10
2026-02-09 10:30:00-05:00,IWM,SYMBOL_BLOCKED,10
2026-02-09 10:33:00-05:00,IWM,SYMBOL_BLOCKED,10
2026-02-09 10:36:00-05:00,IWM,SYMBOL_BLOCKED,10
2026-02-09 10:39:00-05:00,IWM,SYMBOL_BLOCKED,10
2026-02-09 10:42:00-05:00,IWM,SYMBOL_BLOCKED,10
2026-02-09 10:45:00-05:00,IWM,SYMBOL_BLOCKED,10
2026-02-09 10:48:00-05:00,IWM,SYMBOL_BLOCKED,10
2026-02-09 10:51:00-05:00,IWM,SYMBOL_BLOCKED,10
2026-02-09 10:54:00-05:00,IWM,SYMBOL_BLOCKED,10
2026-02-09 10:57:00-05:00,IWM,SYMBOL_BLOCKED,10
2026-02-09 11:00:00-05:00,IWM,SYMBOL_BLOCKED,11
2026-02-09 11:03:00-05:00,IWM,SYMBOL_BLOCKED,11
